"id","payment_id","username","link","imgsrc","maxbid","addbid1","addbid2","remark","status","created_at","updated_at","bid","tranfer_fee_injapan","delivery_in_thai","payment_status","maxbid_work_by","addbid1_work_by","addbid2_work_by","bid_by","track_id","box_id","weight","round_boat","inform_bill","noted"
"323","106","Pariwatr","https://page.auctions.yahoo.co.jp/jp/auction/w1039636848","https://auctions.c.yimg.jp/images.auctions.yahoo.co.jp/image/dr000/auc0302/users/d5701f489d108720d960a35e5d37ede50ac6a6de/i-img898x1198-1645873881b011xz83252.jpg","2000",\N,\N,\N,"win","2022-03-01T09:55","2022-03-06T15:04","2000","50","0","paid","AdminNatsu",\N,\N,"adminpad","6074-8485-0700","509","0.9","2022-03-05","0",\N
"324","106","Pariwatr","https://page.auctions.yahoo.co.jp/jp/auction/t1038929194","https://auctions.c.yimg.jp/images.auctions.yahoo.co.jp/image/dr000/auc0302/users/0d7b8db174aca23377cc0c53f006ae4b7f8b7afb/i-img1200x900-1645533938hrq9kf14114.jpg","2100","2300",\N,\N,"win","2022-03-01T10:19","2022-03-06T15:03","2530","50","1590","paid","AdminNatsu","AdminNatsu",\N,"adminpad","618486741902","492","0.5","2022-03-05","0",\N
"325","108","pakorn","https://page.auctions.yahoo.co.jp/jp/auction/1038348972","https://auctions.c.yimg.jp/images.auctions.yahoo.co.jp/image/dr000/auc0302/users/6776a135854513af0a71a0c7711b6a2c25dd27bd/i-img1200x774-1645238126nynulu5489.jpg","29777",\N,\N,"ไม่รวมภาษี ไม่รวมค่าส่ง","win","2022-03-01T10:43","2022-03-06T15:02","27500","100","1500","paid","AdminNatsu",\N,\N,"adminpad"," 198168453615","547","8.3","2022-03-05","0",\N
"326","107","Chadaporn","https://page.auctions.yahoo.co.jp/jp/auction/p1039756362","https://auctions.c.yimg.jp/images.auctions.yahoo.co.jp/image/dr000/auc0302/users/6712875c08bbb1a363044c17f8445cc875bd19d7/i-img600x600-1645932340kp4vcr322155.jpg","8500","10500",\N,"ไม่รวมภาษี ไม่รวมค่าส่งค่ะ","win","2022-03-01T13:17","2022-03-06T14:49","10241","50","750","paid","AdminNatsu","AdminNatsu",\N,"adminpad","403494174381","586","3.5","2022-03-05","0",\N
"328","108","pakorn","https://page.auctions.yahoo.co.jp/jp/auction/c924982531","https://auctions.c.yimg.jp/images.auctions.yahoo.co.jp/image/dr000/auc0208/users/64e383c5b05c965156dd7667daa83ee980a6b4ff/i-img900x600-1628584833arup9d374169.jpg","7255",\N,\N,"ประมูลปิดซื้อตามราคาลิงค์ครับ ไม่รวมภาษี ไม่รวมค่าส่ง","win","2022-03-01T15:00","2022-03-06T15:03","7980","50","1080","paid","AdminNatsu",\N,\N,"adminpad","4040-6680-9510","475","10.3","2022-03-05","0",\N
"337","110","Boom","https://page.auctions.yahoo.co.jp/jp/auction/x1011856598","https://auctions.c.yimg.jp/images.auctions.yahoo.co.jp/image/dr000/auc0210/users/9bc3a6bcb3b117a2cdf552820cd1f499e468c89a/i-img900x1200-1634046850ct3db0757205.jpg","5000",\N,\N,"ราคาปิดเลยครับ","win","2022-03-02T06:51","2022-03-06T14:53","5000","50","0","paid","AdminSeririnz",\N,\N,"adminpad","624087951270","656","0.35","2022-03-05","0",\N
"338","111","Wiramit","https://page.auctions.yahoo.co.jp/jp/auction/559936329","https://auctions.c.yimg.jp/images.auctions.yahoo.co.jp/image/dr000/auc0205/users/936e6f3f69d1730e2ed6e42e1e499ecc06b9bdad/i-img600x450-1622445986berrlv947948.jpg","6480",\N,\N,\N,"win","2022-03-02T08:32","2022-03-06T15:05","6480","50","880","paid","adminpunpun",\N,\N,"adminpad","6185-4906-1336","630","0.2","2022-03-05","0",\N
"340","115","prommin","https://page.auctions.yahoo.co.jp/jp/auction/q455838269","https://auctions.c.yimg.jp/images.auctions.yahoo.co.jp/image/dr000/auc0206/users/0eda0cbd3868f526fa039f8c1990106856b72e7d/i-img1200x900-1622522931o5x2lg221463.jpg","2000",\N,\N,\N,"win","2022-03-02T12:41","2022-03-08T14:45","2200","50","1800","paid","adminying",\N,\N,"adminpad","4379-1566-0615","68","2.35","2022-03-12","0",\N
"342","112","Chadaporn","https://page.auctions.yahoo.co.jp/jp/auction/s1039941074","https://auctions.c.yimg.jp/images.auctions.yahoo.co.jp/image/dr000/auc0302/users/6712875c08bbb1a363044c17f8445cc875bd19d7/i-img600x600-1646030554unjcrh278598.jpg","6000",\N,\N,"ไม่รวมภาษี ไม่รวมค่าส่ง","win","2022-03-02T12:51","2022-03-08T14:54","3465","50","750","paid","adminying",\N,\N,"adminpad","401835658501","29","2.95","2022-03-12","0",\N
"345","118","Pariwatr","https://page.auctions.yahoo.co.jp/jp/auction/k1039539243","https://auctions.c.yimg.jp/images.auctions.yahoo.co.jp/image/dr000/auc0302/users/1df3b3acb9a57d392c4c557289b2bd1692751334/i-img900x1200-1645822884cz3dqp773596.jpg","6000",\N,\N,\N,"win","2022-03-02T14:38","2022-03-08T14:54","5401","50","1610","paid","adminying",\N,\N,"adminpad","386064397283","97","0.7","2022-03-12","0",\N
"346","113","pawanu","https://page.auctions.yahoo.co.jp/jp/auction/t1039080032","https://auctions.c.yimg.jp/images.auctions.yahoo.co.jp/image/dr000/auc0302/users/747f56adedb74fd25177bfc9dad84e1c11cf457a/i-img1200x900-1645621420genpqv49.jpg","2780",\N,\N,"ไม่รวมภาษี ไม่รวมส่ง","win","2022-03-02T15:35","2022-03-06T14:58","2780","50","0","paid","adminying",\N,\N,"adminpad","522256735560","618","0.05","2022-03-05","0",\N
"355","114","Itthiponbas","https://page.auctions.yahoo.co.jp/jp/auction/m1040113874","https://auctions.c.yimg.jp/images.auctions.yahoo.co.jp/image/dr000/auc0303/users/1b8a70e1fc1988cc75be121691116be7f4a196d0/i-img600x600-1646112786n2hddx4663.jpg","6800",\N,\N,"","win","2022-03-03T11:11","2022-03-06T15:05","7217","50","755","paid","adminying",\N,\N,"adminpad","452070747111","596","0.75","2022-03-05","0",\N
"360","124","Ritthiphan","https://page.auctions.yahoo.co.jp/jp/auction/d1038217209","https://auctions.c.yimg.jp/images.auctions.yahoo.co.jp/image/dr000/auc0302/users/e96cae9791de1debb15e9221ebb6e685c7d2a93e/i-img1200x1200-164517345144peyf10854.jpg","1000",\N,\N,\N,"win","2022-03-03T16:00","2022-03-13T13:53","809","50","210","paid","adminying",\N,\N,"adminpad","626025757173","402","0.1","2022-03-12","0",\N
"368","124","Ritthiphan","https://page.auctions.yahoo.co.jp/jp/auction/e1039018816","https://auctions.c.yimg.jp/images.auctions.yahoo.co.jp/image/dr000/auc0302/users/9f24139d312de8e4c240d54c0715bcc814bfd5d5/i-img600x450-1645584461jhglpi183321.jpg","700","1400",\N,\N,"win","2022-03-03T17:52","2022-03-13T13:38","500","50","980","paid","adminpunpun","AdminSeririnz",\N,"adminpad","no tracking","357","0.95","2022-03-12","0",\N
"372","124","Ritthiphan","https://page.auctions.yahoo.co.jp/jp/auction/b1031251620","https://auctions.c.yimg.jp/images.auctions.yahoo.co.jp/image/dr000/auc0301/users/7e962324c373ffcc7ba9b88cdba2b209de8d3c41/i-img1200x1200-16419536333bo2bv19.jpg","34500",\N,\N,\N,"win","2022-03-04T07:34","2022-03-13T13:53","33800","100","1780","paid","adminpunpun",\N,\N,"adminpad","623178225692","206","7.2","2022-03-12","0",\N
"375","116","Achiraya","https://page.auctions.yahoo.co.jp/jp/auction/k1006284681","https://auctions.c.yimg.jp/images.auctions.yahoo.co.jp/image/dr000/auc0209/users/ee90f5d7084da120ab9439341df26ba4138920eb/i-img700x700-1631888259y3cd2t255908.jpg","7260",\N,\N,"กดซื้อเลยได้ไหมคะ","win","2022-03-04T09:50","2022-03-13T13:36","7260","50","650","paid","AdminSeririnz",\N,\N,"adminpad","4019-6254-6134","131","7.4","2022-03-12","0",\N
"378","136","Boom","https://page.auctions.yahoo.co.jp/jp/auction/u1040307276","https://auctions.c.yimg.jp/images.auctions.yahoo.co.jp/image/dr000/auc0303/users/f232745eb3b97f2a0cafc586c05e213048aab699/i-img1200x900-1646199043grb9mj5651.jpg","1000",\N,\N,\N,"win","2022-03-04T13:28","2022-03-15T14:13","1000","50","870","paid","AdminSeririnz",\N,\N,"adminpad","618607029876","25","0.6","2022-03-19","0",\N
"379","117","Boom","https://page.auctions.yahoo.co.jp/jp/auction/p1038452720","https://auctions.c.yimg.jp/images.auctions.yahoo.co.jp/image/dr000/auc0302/users/fc5d8735fd91d494564221c7acf6e8be113f8f95/i-img1200x1200-16452865400pser6628360.jpg","2000",\N,\N,\N,"win","2022-03-04T13:29","2022-03-17T17:17","2000","50","660","paid","AdminSeririnz",\N,\N,"adminpad","623519399742","239","0.75","2022-03-12","0",\N
"380","123","Boom","https://page.auctions.yahoo.co.jp/jp/auction/u1039656853","https://auctions.c.yimg.jp/images.auctions.yahoo.co.jp/image/dr000/auc0302/users/5749417df674e19beca63453385b4be6edf781e1/i-img1088x1088-1645875996fpd3xb162423.jpg","4500","6000",\N,\N,"win","2022-03-05T02:56","2022-03-12T17:05","5250","50","0","paid","adminpunpun","adminying",\N,"adminpad","467913298694","264","2.6","2022-03-12","0",\N
"381","119","Freshiz","https://page.auctions.yahoo.co.jp/jp/auction/c1040089750","https://auctions.c.yimg.jp/images.auctions.yahoo.co.jp/image/dr000/auc0303/users/a2c72ff09d218c584578db97cef26d00c43b259b/i-img1024x768-1646106376ehbavy335893.jpg","9000",\N,\N,"สู้ราคาค่าของอย่างเดียว","win","2022-03-05T05:44","2022-03-08T15:10","9076","50","1150","paid","adminpunpun",\N,\N,"adminpad","4379-3078-6985","134","3.55","2022-03-12","0",\N
"382","119","Freshiz","https://page.auctions.yahoo.co.jp/jp/auction/r1032200584","https://auctions.c.yimg.jp/images.auctions.yahoo.co.jp/image/dr000/auc0301/users/9b5da72afef3c24f804f01e1e4c41142cbf91424/i-img1200x675-1642388797y6q1dl243380.jpg","5000",\N,\N,"จบเลยคับ","win","2022-03-05T05:45","2022-03-08T15:10","4948","50","1150","paid","adminpunpun",\N,\N,"adminpad","3044-2831-3604","172","0.4","2022-03-12","0",\N
"387","121","pakorn","https://page.auctions.yahoo.co.jp/jp/auction/n1038500661","https://auctions.c.yimg.jp/images.auctions.yahoo.co.jp/image/dr000/auc0302/users/2a70167f1da242e2e3456d462e0a20fd35a6ab96/i-img1024x767-1645321013mxzibb375704.jpg","10000",\N,\N,"ปิด 10000 เยนตามราคา ไม่รวมส่ง","win","2022-03-06T04:48","2022-03-12T17:10","10000","50","0","paid","AdminSeririnz",\N,\N,"adminpad","289760965690","263","13.85","2022-03-12","0",\N
"388","121","pakorn","https://page.auctions.yahoo.co.jp/jp/auction/1040876246","https://auctions.c.yimg.jp/images.auctions.yahoo.co.jp/image/dr000/auc0303/users/2a70167f1da242e2e3456d462e0a20fd35a6ab96/i-img1024x767-1646446106nlrbdj252340.jpg","10000",\N,\N,"ปิด 10000 เยน ไม่รวมค่าส่ง","win","2022-03-06T04:49","2022-03-12T17:09","10000","50","0","paid","AdminSeririnz",\N,\N,"adminpad","289760965690","263","13.85","2022-03-12","0",\N
"390","120","Itthiponbas","https://page.auctions.yahoo.co.jp/jp/auction/w1040355386","https://auctions.c.yimg.jp/images.auctions.yahoo.co.jp/image/dr000/auc0303/users/7a6b6436177be3939c14b3e3f690ac5b5353f07d/i-img1200x675-1646222731yfbfji85656.jpg","6850",\N,\N,\N,"win","2022-03-06T07:14","2022-03-13T13:58","6850","50","765","paid","adminying",\N,\N,"adminpad","623178006651","237","0.7","2022-03-12","0",\N
"391","128","Wiramit","https://page.auctions.yahoo.co.jp/jp/auction/q1039806727","https://auctions.c.yimg.jp/images.auctions.yahoo.co.jp/image/dr000/auc0302/users/1254766866829ed1fb684d86119674bef31e2ad4/i-img1200x900-1645968628lwxaxg1020.jpg","22002",\N,\N,\N,"win","2022-03-06T07:14","2022-03-12T17:10","21720","100","0","paid","adminying",\N,\N,"adminpad","498232509456","335","0.2","2022-03-12","0",\N
"397","126","Prommin","https://page.auctions.yahoo.co.jp/jp/auction/d1040131005","https://auctions.c.yimg.jp/images.auctions.yahoo.co.jp/image/dr000/auc0303/users/c7265456746ce099af98fd66e6e596ecfc3c5955/i-img1200x900-1646123142zzdnjf746.jpg","10000",\N,\N,\N,"win","2022-03-06T09:12","2022-03-12T17:02","11000","50","2680","paid","adminying",\N,\N,"adminpad","403337414163","311","4.45","2022-03-12","0",\N
"402","122","Pariwatr","https://page.auctions.yahoo.co.jp/jp/auction/f1039785029","https://auctions.c.yimg.jp/images.auctions.yahoo.co.jp/image/dr000/auc0302/users/d6845b3a1d9a68394a5ff195ad398f9c297948b0/i-img900x1200-16459502409bfshe337126.jpg","2500",\N,\N,\N,"win","2022-03-06T11:50","2022-03-12T17:03","2000","50","1040","paid","adminying",\N,\N,"adminpad","554285701605","240","0.35","2022-03-12","0",\N
"407","130","Boom","https://page.auctions.yahoo.co.jp/jp/auction/c1039723295","https://auctions.c.yimg.jp/images.auctions.yahoo.co.jp/image/dr000/auc0302/users/0b6031d6a55c6b7f2d0e0fb12ab443a44db76aba/i-img600x450-1645924811g1phne75133.jpg","7000",\N,\N,\N,"win","2022-03-06T13:12","2022-03-12T17:07","3080","50","3410","paid","adminying",\N,\N,"adminpad","403637875012","428","1.75","2022-03-12","0",\N
"408","130","Boom","https://page.auctions.yahoo.co.jp/jp/auction/1039732786","https://auctions.c.yimg.jp/images.auctions.yahoo.co.jp/image/dr000/auc0302/users/0b6031d6a55c6b7f2d0e0fb12ab443a44db76aba/i-img600x450-1645924875tnrjhe73901.jpg","2000",\N,\N,\N,"win","2022-03-06T13:13","2022-03-12T17:06","980","50","2068","paid","adminying",\N,\N,"adminpad","403637875023","430","2.85","2022-03-12","0",\N
"409","130","Boom","https://page.auctions.yahoo.co.jp/jp/auction/n1039729903","https://auctions.c.yimg.jp/images.auctions.yahoo.co.jp/image/dr000/auc0302/users/0b6031d6a55c6b7f2d0e0fb12ab443a44db76aba/i-img600x450-1645924761khxtlj74524.jpg","2000",\N,\N,\N,"win","2022-03-06T13:21","2022-03-12T17:07","1200","50","3410","paid","adminying",\N,\N,"adminpad","403637875034","429","3.7","2022-03-12","0",\N
"412","145","Boom","https://page.auctions.yahoo.co.jp/jp/auction/l1040909046","https://auctions.c.yimg.jp/images.auctions.yahoo.co.jp/image/dr000/auc0303/users/2799042a3e620decb971d4723c70fa765dd045f9/i-img1200x1200-1646463584lyrdg114.jpg","1500",\N,\N,\N,"win","2022-03-07T05:19","2022-03-29T04:33","1100","50","1111","paid","AdminSeririnz",\N,\N,"adminpad","623179602430","188","0.3","2022-03-19","0",\N
"413","132","Porapat","https://page.auctions.yahoo.co.jp/jp/auction/w1039930315","https://auctions.c.yimg.jp/images.auctions.yahoo.co.jp/image/dr000/auc0302/users/0fcf2bcc7dd2dc45deee0da1188d9cd0bb1035af/i-img896x1200-1646034695hxfi727105.jpg","10000",\N,\N,"ไม่รวมค่าส่ง ไม่รวมภาษี","win","2022-03-07T09:28","2022-03-12T17:11","6000","50","1560","paid","adminying",\N,\N,"adminpad","618613843105","416","2.35","2022-03-12","0",\N
"414","125","pakorn","https://page.auctions.yahoo.co.jp/jp/auction/h1040868606","https://auctions.c.yimg.jp/images.auctions.yahoo.co.jp/image/dr000/auc0303/users/1357e64a451963b63816353cbe30594e2690f90f/i-img1016x731-1646446225j9ydbg268268.jpg","17110",\N,\N,"ไม่รวมภาษี ไม่รวมค่าส่ง","win","2022-03-07T09:36","2022-03-12T17:08","18150","50","1450","paid","adminying",\N,\N,"adminpad","1812-2201-1202","248","7.9","2022-03-12","0",\N
"416","127","Itthiponbas","https://page.auctions.yahoo.co.jp/jp/auction/w1040935301","https://auctions.c.yimg.jp/images.auctions.yahoo.co.jp/image/dr000/auc0303/users/6712875c08bbb1a363044c17f8445cc875bd19d7/i-img600x600-1646467643als3lr281150.jpg","17250",\N,\N,\N,"win","2022-03-07T12:28","2022-03-12T17:13","17172","50","750","paid","adminying",\N,\N,"adminpad","403555634683","434","1.05","2022-03-12","0",\N
"418","135","prommin","https://page.auctions.yahoo.co.jp/jp/auction/h1038931344","https://auctions.c.yimg.jp/images.auctions.yahoo.co.jp/image/dr000/auc0302/users/0899068042e59c09e0711ab7aa04b94b9207c96a/i-img600x399-16455375263eadjn21713.jpg","1500",\N,\N,\N,"win","2022-03-07T14:33","2022-03-12T17:03","1500","50","1150","paid","adminying",\N,\N,"adminpad","437986472210","469","0.6","2022-03-12","0",\N
"419","147","prommin","https://page.auctions.yahoo.co.jp/jp/auction/x1029629944","https://auctions.c.yimg.jp/images.auctions.yahoo.co.jp/image/dr000/auc0301/users/85e1247c0759535ce6994f338b5c774347c6d281/i-img640x480-1641212907qdxqh8211781.jpg","1500",\N,\N,\N,"win","2022-03-07T14:40","2022-03-18T16:37","1500","50","1800","paid","adminying",\N,\N,"adminpad","169846104853","372","0.8","2022-03-19","0",\N
"420","148","prommin","https://page.auctions.yahoo.co.jp/jp/auction/r1011557349","https://auctions.c.yimg.jp/images.auctions.yahoo.co.jp/image/dr000/auc0210/users/fa133321b130440ecd50005fb1cc9fc82546a641/i-img899x1200-1633936077pv2zws22910.jpg","1000",\N,\N,\N,"win","2022-03-07T15:05","2022-03-18T16:37","1000","50","1210","paid","adminying",\N,\N,"adminpad","193040284474","389","0.7","2022-03-19","0",\N
"425","131","pakorn","https://page.auctions.yahoo.co.jp/jp/auction/k1040883221","https://auctions.c.yimg.jp/images.auctions.yahoo.co.jp/image/dr000/auc0303/users/2a70167f1da242e2e3456d462e0a20fd35a6ab96/i-img898x1198-1646446399u2likv6657.jpg","11000",\N,\N,"ปิดตามราคาครับ","win","2022-03-08T08:40","2022-03-13T13:41","11000","50","0","paid","adminying",\N,\N,"adminpad","2897-6096-5723","427","8.1","2022-03-12","0",\N
"430","134","Chadaporn","https://page.auctions.yahoo.co.jp/jp/auction/d1041087026","https://auctions.c.yimg.jp/images.auctions.yahoo.co.jp/image/dr000/auc0303/users/6712875c08bbb1a363044c17f8445cc875bd19d7/i-img600x600-1646551014pt35qs343908.jpg","5000",\N,\N,"ไม่รวมส่ง ไม่รวมภาษี","win","2022-03-08T12:44","2022-03-17T17:15","5225","50","750","paid","adminying",\N,\N,"adminpad","403497879234","17","2.35","2022-03-19","0",\N
"432","141","Ritthiphan","https://page.auctions.yahoo.co.jp/jp/auction/w1029859534","https://auctions.c.yimg.jp/images.auctions.yahoo.co.jp/image/dr000/auc0301/users/4cb81d100c8e0e093bd83137e57c7e9aaa07296a/i-img640x480-16413296231uatqh356318.jpg","5000",\N,\N,\N,"win","2022-03-08T15:55","2022-03-18T16:36","4500","50","0","paid","adminying",\N,\N,"adminpad","623179112721","38","1.55","2022-03-19","0",\N
"433","138","Pongsathorn","https://page.auctions.yahoo.co.jp/jp/auction/e1041537591","https://auctions.c.yimg.jp/images.auctions.yahoo.co.jp/image/dr000/auc0303/users/dda02bb95fbc987bf5e67f5d357aca370438d4ea/i-img1200x900-16467931776pvi6z59873.jpg","3000",\N,\N,"ปิดเลย","win","2022-03-09T03:55","2022-03-18T15:36","3000","50","198","paid","adminpunpun",\N,\N,"adminpad","628308913131","91","0.35","2022-03-19","0",\N
"434","138","Pongsathorn","https://page.auctions.yahoo.co.jp/jp/auction/m1041273388","https://auctions.c.yimg.jp/images.auctions.yahoo.co.jp/image/dr000/auc0303/users/f8d618a0583986460a2685e7c1b132ff4bd9bba3/i-img1200x900-1646645990tfjudh417218.jpg","910",\N,\N,"รวมภาษี เป็น 1,000 เยน 
ค่าส่ง 930 เยน 
ซื้อเลยครับ","win","2022-03-09T04:48","2022-03-18T16:34","1000","50","930","paid","adminpunpun",\N,\N,"adminpad","490066136070","383","0.25","2022-03-12","0","มาในชื่อพี่ปัด Shimizu543 Monjira (ปัด)"
"439","133","pakorn","https://page.auctions.yahoo.co.jp/jp/auction/u1041212565","https://auctions.c.yimg.jp/images.auctions.yahoo.co.jp/image/dr000/auc0303/users/5b0aae25533ca5e5937729ef7e619891e42adc42/i-img585x383-1646624964he5kwq396873.jpg","11555","12555",\N,"ไม่รวมภาษี ไม่รวมค่าส่ง","win","2022-03-09T10:20","2022-03-13T13:41","12100","50","935","paid","adminying","adminying",\N,"adminpad","440305327700","476","7.75","2022-03-12","0",\N
"442","149","Sombat","https://page.auctions.yahoo.co.jp/jp/auction/u1041280542","https://auctions.c.yimg.jp/images.auctions.yahoo.co.jp/image/dr000/auc0303/users/464ad3d429846f740c9c5b4e0ccfd5fe25792b34/i-img1200x1200-1646654171ljqt7y437592.jpg","5787",\N,\N,\N,"win","2022-03-09T12:31","2022-03-19T09:21","5775","50","880","paid","adminying",\N,\N,"adminpad","569276156153","13","0.85","2022-03-19","0",\N
"445","146","Shank","https://page.auctions.yahoo.co.jp/jp/auction/n1040524355","https://auctions.c.yimg.jp/images.auctions.yahoo.co.jp/image/dr000/auc0303/users/85320cc8100d139fb55cba2c29699621a2bd55c9/i-img1200x900-1646291351ghslqj138962.jpg","25000",\N,\N,\N,"win","2022-03-09T16:27","2022-03-17T17:32","18000","100","3000","paid","adminying",\N,\N,"ceosmith","438029095210","187","19.75","2022-03-19","1",\N
"446","174","Shank","https://page.auctions.yahoo.co.jp/jp/auction/k1041085018","https://auctions.c.yimg.jp/images.auctions.yahoo.co.jp/image/dr000/auc0303/users/7ac783fb16fc173cdd6f381870b314ccc4bf6f75/i-img900x1200-1646540968k9bpkz334312.jpg","60000",\N,\N,\N,"win","2022-03-09T16:28","2022-03-25T17:03","58000","150","0","paid","adminying",\N,\N,"adminpad","1805-7644-6702, 1805-7644-6665","350, 351","32.2","2022-03-26","1","cod"
"449","137","Sumatha","https://page.auctions.yahoo.co.jp/jp/auction/q1041282243","https://auctions.c.yimg.jp/images.auctions.yahoo.co.jp/image/dr000/auc0303/users/739373c7d8ee14572346dfbe21478568c2996be0/i-img1200x900-164665632006dqir440315.jpg","1980",\N,\N,"ไม่รวมส่ง","win","2022-03-10T02:39","2022-03-17T17:23","1980","50","1260","paid","AdminNatsu",\N,\N,"adminpad","280268223933","37","0.95","2022-03-19","0",\N
"450","155","Ritthiphan","https://page.auctions.yahoo.co.jp/jp/auction/b1041407055","https://auctions.c.yimg.jp/images.auctions.yahoo.co.jp/image/dr000/auc0303/users/b2b8201a86bbba7e3009755f5d062c2650f32ce2/i-img600x600-1646714421xsvdmw1501.jpg","9000",\N,\N,"","win","2022-03-10T03:24","2022-03-22T16:46","6950","50","3564","paid","AdminNatsu",\N,\N,"adminpad","5460845622","238","4.25","2022-03-26","0",\N
"455","140","Pariwatr","https://page.auctions.yahoo.co.jp/jp/auction/w1041167758","https://auctions.c.yimg.jp/images.auctions.yahoo.co.jp/image/dr000/auc0303/users/dee1834d3f148d427db03a1bdd3924a82a4dcc11/i-img1200x1200-1646609443ezy6n8372288.jpg","6000","7000",\N,\N,"win","2022-03-10T10:41","2022-03-17T17:23","6250","50","0","paid","adminsign","adminsign",\N,"adminpad","623178915763","32","1.1","2022-03-19","0",\N
"456","140","Pariwatr","https://page.auctions.yahoo.co.jp/jp/auction/l1041168311","https://auctions.c.yimg.jp/images.auctions.yahoo.co.jp/image/dr000/auc0303/users/dee1834d3f148d427db03a1bdd3924a82a4dcc11/i-img1200x1200-1646609749y3hyff383947.jpg","3000",\N,\N,\N,"win","2022-03-10T11:22","2022-03-17T17:23","3000","50","0","paid","adminpunpun",\N,\N,"adminpad","623178915763","32","1.1","2022-03-19","0",\N
"459","139","Teera","https://page.auctions.yahoo.co.jp/jp/auction/c1029771489","https://auctions.c.yimg.jp/images.auctions.yahoo.co.jp/image/dr000/auc0301/users/11a56649313e374ee391bbb95811d5aeb49b1a4e/i-img898x1198-1641280874fnexj4270215.jpg","4000",\N,\N,"ราคารวมภาษี","win","2022-03-10T13:33","2022-03-17T17:30","4000","50","0","paid","adminpunpun",\N,\N,"adminpad","554286931844","183","0.4","2022-03-19","0",\N
"460","158","Ritthiphan","https://page.auctions.yahoo.co.jp/jp/auction/b1024708336","https://auctions.c.yimg.jp/images.auctions.yahoo.co.jp/image/dr000/auc0212/users/8420d972a8a7025bdca953f2ee9adcfc650f3d19/i-img640x480-1638936569wgz53t63294.jpg","2000",\N,\N,\N,"win","2022-03-10T18:53","2022-03-26T17:02","1200","50","0","paid","adminying",\N,\N,"adminpad","522265461406","358","0.2","2022-03-26","0",\N
"463","142","Achiraya","https://page.auctions.yahoo.co.jp/jp/auction/s1031505173","https://auctions.c.yimg.jp/images.auctions.yahoo.co.jp/image/dr000/auc0301/users/f978d72904754db7405e2e8adf2546f87ad455db/i-img700x700-1642050494sjzeek10983.jpg","5337",\N,\N,"กดซื้อให้เลยได้ไหมคะเอาสีเงิน","win","2022-03-11T13:05","2022-03-19T09:20","5870","50","980","paid","AdminNatsu",\N,\N,"adminpad","402545922903","215","9.25","2022-03-19","0",\N
"464","143","Chadaporn","https://page.auctions.yahoo.co.jp/jp/auction/h1041587020","https://auctions.c.yimg.jp/images.auctions.yahoo.co.jp/image/dr000/auc0303/users/6712875c08bbb1a363044c17f8445cc875bd19d7/i-img600x600-1646815019xn7jue17309.jpg","4500",\N,\N,"ไม่รวมภาษี ไม่รวมค่าส่ง","win","2022-03-11T13:06","2022-03-17T17:15","4620","50","750","paid","adminsign",\N,\N,"adminpad","402085759445","236","2.9","2022-03-19","0",\N
"472","144","Pariwatr","https://page.auctions.yahoo.co.jp/jp/auction/l1033989760","https://auctions.c.yimg.jp/images.auctions.yahoo.co.jp/image/dr000/auc0301/users/3655f92737d16648bf4617ca91e0badecb18bd36/i-img898x1198-16432018464lfuf9828599.jpg","6500",\N,\N,\N,"win","2022-03-12T09:11","2022-03-17T17:24","6500","50","1950","paid","adminying",\N,\N,"adminpad","554287088946","237","0.5","2022-03-19","0",""
"484","169","Ritthiphan","https://page.auctions.yahoo.co.jp/jp/auction/h1042152951","https://auctions.c.yimg.jp/images.auctions.yahoo.co.jp/image/dr000/auc0303/users/c5fc75427240e5e00606f54fcd40c5bc3c4b4b15/i-img1200x1200-1647085055yfjwev4392.jpg","3000",\N,\N,\N,"win","2022-03-14T01:52","2022-03-23T16:57","2000","50","210","paid","AdminNatsu",\N,\N,"adminpad","522265557995","255","0.15","2022-03-26","0",\N
"485","153","Ritthiphan","https://page.auctions.yahoo.co.jp/jp/auction/d1042012729","https://auctions.c.yimg.jp/images.auctions.yahoo.co.jp/image/dr000/auc0303/users/8ac0c04eea16f1175c7696d2e11111f1c24fe7f2/i-img616x1200-1647005006sl40a7220236.jpg","5000",\N,\N,\N,"win","2022-03-14T01:53","2022-03-23T16:57","3000","50","0","paid","adminsign",\N,\N,"adminpad","467731121410","298","4.4","2022-03-26","0","cod"
"489","151","Pariwatr","https://page.auctions.yahoo.co.jp/jp/auction/l1041962588","https://auctions.c.yimg.jp/images.auctions.yahoo.co.jp/image/dr000/auc0303/users/4893ce763da75cc08aa6c2bfdd3d3ae9bf02249c/i-img898x1198-1646982794lz8ulq131938.jpg","5750",\N,\N,\N,"win","2022-03-14T09:05","2022-03-18T16:39","5750","50","1564","paid","adminying",\N,\N,"adminpad","623180283191","399","1.1","2022-03-19","0",\N
"492","150","Itthiponbas","https://page.auctions.yahoo.co.jp/jp/auction/f1041993098","https://auctions.c.yimg.jp/images.auctions.yahoo.co.jp/image/dr000/auc0303/users/3999c590740786ecd37c51d4d54f800038b9e9d1/i-img1000x750-1646989611aitgll214310.jpg","5250",\N,\N,\N,"win","2022-03-14T09:50","2022-03-17T17:33","3380","50","600","paid","adminying",\N,\N,"adminpad","193054859443","229","0.6","2022-03-19","0",""
"494","159","nadthida","https://page.auctions.yahoo.co.jp/jp/auction/h1042001802","https://auctions.c.yimg.jp/images.auctions.yahoo.co.jp/image/dr000/auc0303/users/fbb009e769c057e72b1e1b4e84c382e684512cc5/i-img640x540-1646995139g1dr8n13832.jpg","2800","3600",\N,"ไม่รวมภาษี ไม่รวมส่ง","win","2022-03-14T10:19","2022-03-22T16:41","2420","50","0","paid","adminying","adminying",\N,"adminpad","198216843952","117","4.55","2022-03-26","0","รายการรวมส่งพร้อมกันกับรายการ v1041998883"
"498","159","nadthida","https://page.auctions.yahoo.co.jp/jp/auction/v1041998883","https://auctions.c.yimg.jp/images.auctions.yahoo.co.jp/image/dr000/auc0303/users/fbb009e769c057e72b1e1b4e84c382e684512cc5/i-img640x540-1646995286qk3joh218289.jpg","3500",\N,\N,"ไม่รวมภาษี ไม่รวมส่ง","win","2022-03-14T10:25","2022-03-22T16:40","1980","50","650","paid","adminying",\N,\N,"adminpad","198216843952","117","4.55","2022-03-26","0",\N
"501","157","Porapat","https://page.auctions.yahoo.co.jp/jp/auction/p1041281622","https://auctions.c.yimg.jp/images.auctions.yahoo.co.jp/image/dr000/auc0303/users/9e469b69f246d28d2d17ede043634c44ee0a0200/i-img973x946-1646650039khxmih410679.jpg","14000",\N,\N,"ไม่รวมภาษีและค่าส่ง","win","2022-03-14T11:26","2022-03-22T16:44","9800","50","710","paid","adminying",\N,\N,"adminpad","No Tracking","169","0.55","2022-03-26","0",\N
"503","152","pakorn","https://page.auctions.yahoo.co.jp/jp/auction/u1042222470","https://auctions.c.yimg.jp/images.auctions.yahoo.co.jp/image/dr000/auc0303/users/2a70167f1da242e2e3456d462e0a20fd35a6ab96/i-img898x1198-16471350088torvv309760.jpg","12000",\N,\N,"ปิด yahoo อันนี้ตามราคาครับ","win","2022-03-15T05:38","2022-03-18T16:32","12000","50","0","paid","AdminSeririnz",\N,\N,"adminpad","289870949222","458","8.4","2022-03-19","0","cod"
"509","167","Ratanapon","https://page.auctions.yahoo.co.jp/jp/auction/u1042252792","https://auctions.c.yimg.jp/images.auctions.yahoo.co.jp/image/dr000/auc0303/users/ee4d81cae13a1aaf8fad7c8a70b0446f2ee56e62/i-img898x1198-1647155371dsv4eu342750.jpg","8000","8500","9500","ไม่รวมส่ง","win","2022-03-16T08:44","2022-03-25T17:26","8250","50","0","paid","adminsign","AdminNatsu","AdminNatsu","adminpad","289771160582","468","1.4","2022-03-26","0","cod"
"520","164","Boom","https://page.auctions.yahoo.co.jp/jp/auction/m1040715009","https://s.yimg.jp/images/auct/salespromotion/2016_4/buyee/bnr_buyee_item_en2x.png?202203162337","500",\N,\N,\N,"win","2022-03-16T14:38","2022-03-30T14:32","500","50","370","paid","adminying",\N,\N,"adminpad","9978-4508-6840","455","0.45","2022-03-26","0",\N
"523","160","Nawakom","https://page.auctions.yahoo.co.jp/jp/auction/b1040526299","https://auctions.c.yimg.jp/images.auctions.yahoo.co.jp/image/dr000/auc0303/users/a540b515f242d683a1e8182d8e32f5dfef21d41f/i-img900x1200-164629646793eftc145136.jpg","14400",\N,\N,\N,"win","2022-03-16T17:04","2022-03-22T16:36","13800","50","2212","paid","adminying",\N,\N,"adminpad","623180722743","84","3.25","2022-03-26","0",\N
"525","154","pakorn","https://page.auctions.yahoo.co.jp/jp/auction/s1042590003","https://auctions.c.yimg.jp/images.auctions.yahoo.co.jp/image/dr000/auc0303/users/8ef148d734fb7a4d1376f23ed8654e2929d202ec/i-img898x1198-1647322594d5ajlf64284.jpg","7800",\N,\N,"ปิดตามราคาครับ ฟรีส่ง","win","2022-03-17T12:07","2022-03-22T16:35","7800","50","0","paid","adminying",\N,\N,"adminpad","624089857392","20","0.25","2022-03-26","0",\N
"527","156","prommin","https://page.auctions.yahoo.co.jp/jp/auction/n1016785792","https://auctions.c.yimg.jp/images.auctions.yahoo.co.jp/image/dr000/auc0211/users/1188d836ce4aca2e374f9ea75b87c08142c01a68/i-img600x450-16358576483eokrg850700.jpg","490",\N,\N,\N,"win","2022-03-17T13:34","2022-03-23T16:59","539","50","770","paid","adminying",\N,\N,"adminpad","460321818224","275","0.8","2022-03-26","0",\N
"532","162","Pariwatr","https://page.auctions.yahoo.co.jp/jp/auction/p1041789950","https://auctions.c.yimg.jp/images.auctions.yahoo.co.jp/image/dr000/auc0303/users/46b95cff7a4ec7216320d93522cf7e73973007a4/i-img1200x849-16468937608bz9x44305.jpg","10000",\N,\N,\N,"win","2022-03-18T11:43","2022-03-30T17:33","10000","50","1327","paid","AdminNatsu",\N,\N,"adminpad","623183044643","79","0.45","2022-04-02","0",\N
"538","161","Athapol","https://page.auctions.yahoo.co.jp/jp/auction/f1042414334","https://auctions.c.yimg.jp/images.auctions.yahoo.co.jp/image/dr000/auc0303/users/9051f870cbda79039696fe365451bfe33f72f8df/i-img900x1200-1647238565zrt8yq303446.jpg","3000",\N,\N,"ไม่รวมภาษีและค่าส่ง","win","2022-03-19T08:25","2022-03-22T16:37","1500","50","1050","paid","AdminSeririnz",\N,\N,"adminpad","618756525354","111","0.95","2022-03-26","0",\N
"539","166","Athapol","https://page.auctions.yahoo.co.jp/jp/auction/r1037997007","https://auctions.c.yimg.jp/images.auctions.yahoo.co.jp/image/dr000/auc0302/users/cab19cb1fec0bf39265477bbad73311d98457e4b/i-img600x450-1645073411evcrud180904.jpg","4500",\N,\N,"ไม่รวมค่าส่งและภาษี","win","2022-03-19T08:26","2022-03-25T17:24","3115","50","1170","paid","AdminSeririnz",\N,\N,"adminpad","198215383505","443","1.45","2022-03-26","0",\N
"555","165","Itthiponbas","https://page.auctions.yahoo.co.jp/jp/auction/j1043077822","https://auctions.c.yimg.jp/images.auctions.yahoo.co.jp/image/dr000/auc0303/users/9ae32ef9fe23999c82723b6efd7a4e59d37a8866/i-img1200x900-1647558936ycskwj41510.jpg","11500",\N,\N,"","win","2022-03-20T10:06","2022-03-22T14:19","11500","50","873","paid","AdminNatsu",\N,\N,"adminpad","623181430782","229","0.9","2022-03-26","0",\N
"561","170","Chadaporn","https://page.auctions.yahoo.co.jp/jp/auction/o1043196714","https://auctions.c.yimg.jp/images.auctions.yahoo.co.jp/image/dr000/auc0303/users/6712875c08bbb1a363044c17f8445cc875bd19d7/i-img600x600-1647592274zi8j1779798.jpg","8000",\N,\N,"ไม่รวมค่าส่ง ไม่รวมภาษี","win","2022-03-20T12:38","2022-03-25T17:13","7705","50","750","paid","AdminNatsu",\N,\N,"adminpad","403495978443","340","1.6","2022-03-26","0",\N
"565","168","Pariwatr","https://page.auctions.yahoo.co.jp/jp/auction/q1042253493","https://auctions.c.yimg.jp/images.auctions.yahoo.co.jp/image/dr000/auc0303/users/fc47e3c3785101857f731efd92872e74791d3db6/i-img675x1200-1647154125aw5ndh324029.jpg","7500","8000",\N,\N,"win","2022-03-20T13:04","2022-03-23T14:30","8000","50","0","paid","AdminNatsu","AdminNatsu",\N,"adminpad","623181814850","324","1","2022-03-26","0",\N
"569","163","Ajwachipk","https://page.auctions.yahoo.co.jp/jp/auction/c1042729007","https://auctions.c.yimg.jp/images.auctions.yahoo.co.jp/image/dr000/auc0303/users/d8262ec904d2f31010dcd3444cf5cbc82d8158d3/i-img1127x1200-1647395211esdpmt421913.jpg","14000",\N,\N,\N,"win","2022-03-20T13:30","2022-03-23T14:36","13000","50","1111","paid","AdminNatsu",\N,\N,"adminpad","623181502786","325","1.4","2022-03-26","0",\N
"571","177","Ratanapon","https://page.auctions.yahoo.co.jp/jp/auction/q1042912266","https://auctions.c.yimg.jp/images.auctions.yahoo.co.jp/image/dr000/auc0303/users/ef37ffbaece884e398d0ea116c76c0e955a4cdc3/i-img1024x767-1647484183lbrcrd494501.jpg","1500",\N,\N,"ไม่รวมส่ง","win","2022-03-21T06:41","2022-03-28T18:26","1200","50","150","paid","AdminNatsu",\N,\N,"adminpad","No Tracking","64","0.05","2022-04-02","0",\N
"573","172","prommin","https://page.auctions.yahoo.co.jp/jp/auction/s1043004820","https://auctions.c.yimg.jp/images.auctions.yahoo.co.jp/image/dr000/auc0303/users/55a16c10aa61eabbcde60698707396a4bc1df535/i-img640x480-1647508368g2qnql516688.jpg","22000","25000","38000",\N,"win","2022-03-21T11:45","2022-04-03T18:19","39160","100","3200","paid","adminying","AdminNatsu","AdminNatsu","adminpad","60469830960","460",\N,"2022-04-02","0","เบาะ"
"576","171","pakorn","https://page.auctions.yahoo.co.jp/jp/auction/r1043331021","https://auctions.c.yimg.jp/images.auctions.yahoo.co.jp/image/dr000/auc0303/users/7a719134aee7a881bea85194a7e2a0ad41e0e7e8/i-img1200x797-1647667729r8suck382692.jpg","18333",\N,\N,"ไม่รวมภาษี ไม่รวมค่าส่ง","win","2022-03-21T12:50","2022-03-29T04:43","19751","100","1000","paid","adminying",\N,\N,"adminpad","4381-8374-3126","478","4.55","2022-03-26","0",\N
"578","176","Pongsathorn","https://page.auctions.yahoo.co.jp/jp/auction/p1042434905","https://auc-pctr.c.yimg.jp/i/auctions.c.yimg.jp/images.auctions.yahoo.co.jp/image/dr000/auc0303/users/a2c72ff09d218c584578db97cef26d00c43b259b/i-img800x600-1647243903czrggv389825.jpg?pri=l&w=300&h=300&up=0&nf_src=sy&nf_path=images/auc/pc/top/image/1.0.3/n","1600",\N,\N,\N,"win","2022-03-21T13:22","2022-03-26T17:06","1760","50","1150","paid","adminying",\N,\N,"adminpad","3045-5545-1082","546","0.9","2022-03-26","0",\N
"579","176","Pongsathorn","https://page.auctions.yahoo.co.jp/jp/auction/l1042421709","https://auctions.c.yimg.jp/images.auctions.yahoo.co.jp/image/dr000/auc0303/users/a2c72ff09d218c584578db97cef26d00c43b259b/i-img800x600-1647243904rjp3zp307796.jpg","1500",\N,\N,\N,"win","2022-03-21T13:22","2022-03-26T17:06","1353","50","0","paid","adminying",\N,\N,"adminpad","3045-5545-1082","546","0.9","2022-03-26","0",\N
"580","173","Itthiponbas","https://page.auctions.yahoo.co.jp/jp/auction/w1043511931","https://auctions.c.yimg.jp/images.auctions.yahoo.co.jp/image/dr000/auc0303/users/32b1b5a106c63c6036fd8081abe12ca1b56213cd/i-img1200x900-1647783389ctgx2m467498.jpg","10000",\N,\N,\N,"win","2022-03-22T09:45","2022-03-26T17:00","10000","50","657","paid","ceosmith",\N,\N,"adminpad","623182486581","498","0.85","2022-03-26","0",\N
"582","178","Chadaporn","https://page.auctions.yahoo.co.jp/jp/auction/t1043463415","https://auctions.c.yimg.jp/images.auctions.yahoo.co.jp/image/dr000/auc0303/users/6712875c08bbb1a363044c17f8445cc875bd19d7/i-img600x600-1647748260ceos6h695361.jpg","4600",\N,\N,"ไม่รวมค่าส่ง ไม่รวมภาษี","win","2022-03-22T12:38","2022-03-28T18:24","5060","50","750","paid","AdminNatsu",\N,\N,"adminpad","402692450915","6","1.7","2022-04-02","0",\N
"591","188","PloyUmaporn","https://page.auctions.yahoo.co.jp/jp/auction/g1043807735","https://auctions.c.yimg.jp/images.auctions.yahoo.co.jp/image/dr000/auc0303/users/f71ae85954e282e60ba5035f16cc29aa9983e3a2/i-img1200x1200-16479482116nzzui341180.jpg","4500",\N,\N,\N,"win","2022-03-23T05:53","2022-04-03T18:06","4500","50","210","paid","adminpunpun",\N,\N,"adminpad","626033973574","284","0.3","2022-04-02","0",\N
"593","175","Boom","https://page.auctions.yahoo.co.jp/jp/auction/1043019718","https://auctions.c.yimg.jp/images.auctions.yahoo.co.jp/image/dr000/auc0303/users/3b965d3d99cb5f7096bace7d601296569e4bf769/i-img640x480-1647528209rx2qzj29312.jpg","3500",\N,\N,\N,"win","2022-03-23T09:33","2022-03-26T17:03","2800","50","1327","paid","AdminNatsu",\N,\N,"adminpad","623182579670","539","3.05","2022-03-26","0",\N
"594","187","pakorn","https://page.auctions.yahoo.co.jp/jp/auction/n1043125024","https://auctions.c.yimg.jp/images.auctions.yahoo.co.jp/image/dr000/auc0303/users/c0bbf5b281e221c1494e1f03e78451cc88e32c3e/i-img640x480-16475727104hpezm1773.jpg","8000",\N,\N,"ไม่รวมภาษี ไม่รวมค่าส่ง","win","2022-03-23T11:19","2022-03-28T18:27","8250","50","1440","paid","AdminNatsu",\N,\N,"adminpad","6187-0926-5156","5","3.45","2022-04-02","0",\N
"597","179","PloyUmaporn","https://page.auctions.yahoo.co.jp/jp/auction/r1038759056","https://auctions.c.yimg.jp/images.auctions.yahoo.co.jp/image/dr000/auc0302/users/da85ded4b3969b5caa70fa5d1c6ff045f2d2106f/i-img900x1200-1645441715saakhs746030.jpg","1300",\N,\N,\N,"win","2022-03-23T14:17","2022-03-30T17:35","2600","50","0","paid","AdminNatsu",\N,\N,"adminpad","626032999233","97","0.4","2022-04-02","0","3 ชิ้น"
"598","179","PloyUmaporn","https://page.auctions.yahoo.co.jp/jp/auction/u1037369615","https://auctions.c.yimg.jp/images.auctions.yahoo.co.jp/image/dr000/auc0302/users/da85ded4b3969b5caa70fa5d1c6ff045f2d2106f/i-img768x1024-1644812711iypmg7377774.jpg","1000",\N,\N,\N,"win","2022-03-23T14:17","2022-03-30T17:34","1998","50","0","paid","AdminNatsu",\N,\N,"adminpad","626032999233","97","0.4","2022-04-02","0","3 ชิ้น"
"599","179","PloyUmaporn","https://page.auctions.yahoo.co.jp/jp/auction/x1031699616","https://auctions.c.yimg.jp/images.auctions.yahoo.co.jp/image/dr000/auc0301/users/da85ded4b3969b5caa70fa5d1c6ff045f2d2106f/i-img900x1200-1642134185wzii4k77713.jpg","1000",\N,\N,\N,"win","2022-03-23T14:18","2022-03-30T17:35","999","50","210","paid","AdminNatsu",\N,\N,"adminpad","626032999233","97","0.4","2022-04-02","0","3ชิ้น"
"607","181","Kraisuwit","https://page.auctions.yahoo.co.jp/jp/auction/x1044129661","https://auctions.c.yimg.jp/images.auctions.yahoo.co.jp/image/dr000/auc0303/users/9e3424d2993fb2bd7ea47ff163df557f33b3303e/i-img1200x800-1648104665jmkx6h646630.jpg","1500",\N,\N,"ปิดด่วน","win","2022-03-24T09:50","2022-03-30T17:36","1500","50","210","paid","AdminNatsu",\N,\N,"adminpad","626032816533","111","0.6","2022-04-02","0",\N
"613","182","Boom","https://page.auctions.yahoo.co.jp/jp/auction/q430505912","https://auctions.c.yimg.jp/images.auctions.yahoo.co.jp/image/dr000/auc0204/users/c412ebbb3ee27e71256b092616260a3a87e91272/i-img1200x900-161760587558d0t21419634.jpg","1500",\N,\N,"ราคาปิดครับ","win","2022-03-24T11:52","2022-03-31T17:56","1650","50","1370","paid","AdminNatsu",\N,\N,"adminpad","280337751330","261","2.4","2022-04-02","0",\N
"614","216","Boom","https://page.auctions.yahoo.co.jp/jp/auction/v1042639570","https://auctions.c.yimg.jp/images.auctions.yahoo.co.jp/image/dr000/auc0303/users/c0bf74e1f1151e06c2034456d3b010710fdd76dd/i-img854x640-1647353244lebwg8500971.jpg","3000",\N,\N,\N,"win","2022-03-24T11:58","2022-04-07T10:50","3000","50","1150","paid","AdminNatsu",\N,\N,"adminpad","4382-9472-6262","510","2.3","2022-04-02","0",\N
"616","204","Ritthiphan","https://page.auctions.yahoo.co.jp/jp/auction/k1042655131","https://auctions.c.yimg.jp/images.auctions.yahoo.co.jp/image/dr000/auc0303/users/20a17e7eff8672e18aca6f43499af13971f6e64e/i-img900x1200-16473561798lbhfi398285.jpg","5000",\N,\N,\N,"win","2022-03-24T17:18","2022-04-07T10:59","3000","50","1720","paid","adminying",\N,\N,"adminpad","9385304389","244","1.15","2022-04-09","0",\N
"617","184","Boom","https://page.auctions.yahoo.co.jp/jp/auction/s1042980847","https://auctions.c.yimg.jp/images.auctions.yahoo.co.jp/image/dr000/auc0303/users/490795e6b69bbe5e076e9a486a6bad567f13415f/i-img1200x900-1647504524q8ogel2182.jpg","3137",\N,\N,"ราคาเปิดประมูล","win","2022-03-24T21:52","2022-03-31T17:55","3137","50","1710","paid","adminying",\N,\N,"adminpad","554290042202","228","1.45","2022-04-02","0",\N
"619","185","paramet","https://page.auctions.yahoo.co.jp/jp/auction/s1044067599","https://auctions.c.yimg.jp/images.auctions.yahoo.co.jp/image/dr000/auc0303/users/208db2410fb02eec9b783fa806e7cb2a3b8077e5/i-img1080x810-1648083506hdg137933984.jpg","9000",\N,\N,\N,"win","2022-03-25T02:13","2022-03-29T19:40","9000","50","680","paid","AdminNatsu",\N,\N,"adminpad","554289730573","2","0.8","2022-04-02","0",\N
"620","186","maymaenarak","https://page.auctions.yahoo.co.jp/jp/auction/d1036886076","https://auctions.c.yimg.jp/images.auctions.yahoo.co.jp/image/dr000/auc0302/users/8c2762f6c29dca693e5850d4dcade1a8e74a62da/i-img898x1198-1644545129llf67c16.jpg","2500",\N,\N,"( ราคารวมภาษี ) ( ราคารวมขนส่ง )","win","2022-03-25T04:01","2022-03-30T17:37","1000","50","657","paid","AdminNatsu",\N,\N,"adminpad","623182905995","102","0.2","2022-04-02","0",\N
"621","180","maymaenarak","https://page.auctions.yahoo.co.jp/jp/auction/b1038407680","https://auctions.c.yimg.jp/images.auctions.yahoo.co.jp/image/dr000/auc0302/users/a729e65e3948f6610705e0f33426c69b8db9f534/i-img1200x1200-1645258916kr3hxu64943.jpg","3000",\N,\N,"ราคารวมภาษี รวมค่าส่ง ","win","2022-03-25T04:16","2022-03-29T19:41","1999","50","1000","paid","AdminNatsu",\N,\N,"adminpad","468648428150","94","0.3","2022-04-02","0",\N
"629","190","Pongsathorn","https://page.auctions.yahoo.co.jp/jp/auction/h1042992002","https://auctions.c.yimg.jp/images.auctions.yahoo.co.jp/image/dr000/auc0303/users/56009caf3435105c9f00ccba41d06f2f37000832/i-img600x451-1647516972jgzwuk524632.jpg","4000",\N,\N,"ไม่รวมภาษี ","win","2022-03-25T11:26","2022-03-30T17:41","3410","50","740","paid","AdminNatsu",\N,\N,"adminpad","4017-8014-2234","137","0.45","2022-04-02","0",\N
"631","189","pakorn","https://page.auctions.yahoo.co.jp/jp/auction/e1039227336","https://auctions.c.yimg.jp/images.auctions.yahoo.co.jp/image/dr000/auc0302/users/467590e284648022f3ead4997aa4d0bfebf11605/i-img640x480-1645684400x4idvc259372.jpg","12300",\N,\N,"ไม่รวมภาษี ไม่รวมค่าส่ง","win","2022-03-26T09:14","2022-03-30T17:32","12100","50","800","paid","adminpunpun",\N,\N,"adminpad","452335060752","126","1.45","2022-04-02","0",\N
"633","197","Porapat","https://page.auctions.yahoo.co.jp/jp/auction/w1044239747","https://auctions.c.yimg.jp/images.auctions.yahoo.co.jp/image/dr000/auc0303/users/6712875c08bbb1a363044c17f8445cc875bd19d7/i-img600x600-1648175280sj6y4r45612.jpg","7000",\N,\N,"ไม่รวมภาษีและค่าส่ง","win","2022-03-26T09:27","2022-04-03T18:20","5414","50","750","paid","adminpunpun",\N,\N,"adminpad","402847087790","484","1.7","2022-04-02","0",\N
"635","192","Ritthiphan","https://page.auctions.yahoo.co.jp/jp/auction/q315946326","https://auctions.c.yimg.jp/images.auctions.yahoo.co.jp/image/dr000/auc0509/users/1511fbb69d90dfe6b14bcee5f8cc7e7fa6f42d59/i-img1200x900-1569213191lrey4938894.jpg","2800",\N,\N,\N,"win","2022-03-26T10:58","2022-03-30T17:38","1980","50","0","paid","adminpunpun",\N,\N,"adminpad","305732753432","120","0.2","2022-04-02","0","cod"
"643","198","Wissaroot","https://page.auctions.yahoo.co.jp/jp/auction/u1042203205","https://auctions.c.yimg.jp/images.auctions.yahoo.co.jp/image/dr000/auc0303/users/5522cc33b721a3578c9824f63e3fa29b9636f0a0/i-img1200x1200-1647116854etsjcn300655.jpg","11515",\N,\N,\N,"win","2022-03-26T16:48","2022-04-03T18:12","10000","50","873","paid","adminying",\N,\N,"adminpad","623184121652","436","0.75","2022-04-02","0",\N
"644","191","Wissaroot","https://page.auctions.yahoo.co.jp/jp/auction/v1037402550","https://auctions.c.yimg.jp/images.auctions.yahoo.co.jp/image/dr000/auc0302/users/43f8bd768472cb8484843a6d10e6cef37ebe6a6b/i-img1200x887-1644821802ohf9vb228211.jpg","8500",\N,\N,\N,"win","2022-03-26T16:53","2022-03-30T17:48","7480","50","0","paid","adminying",\N,\N,"adminpad","623183356224","157","0.7","2022-04-02","0",\N
"648","204","Ritthiphan","https://page.auctions.yahoo.co.jp/jp/auction/n1042771528","https://auctions.c.yimg.jp/images.auctions.yahoo.co.jp/image/dr000/auc0303/users/95aa38b679f220c5df4fa786cdb306eb269d868e/i-img675x1200-16474178920hkt5l16.jpg","2800",\N,\N,\N,"win","2022-03-27T03:52","2022-04-07T10:55","2500","50","0","paid","AdminSeririnz",\N,\N,"adminpad","623184248105","455","4.7","2022-04-02","0",\N
"650","194","chirananda","https://page.auctions.yahoo.co.jp/jp/auction/f1038158687","https://auctions.c.yimg.jp/images.auctions.yahoo.co.jp/image/dr000/auc0302/users/2d9cf55f986d12f190cda797797491205bb156a9/i-img1200x900-1645150058xtytzc23557.jpg","1500",\N,\N,"ไม่รวมค่าส่ง","win","2022-03-27T08:04","2022-04-03T18:08","1398","50","198","paid","AdminSeririnz",\N,\N,"adminpad","628335187966","465","0.55","2022-04-02","0",\N
"651","203","ExxSombat","https://page.auctions.yahoo.co.jp/jp/auction/k1044329163","https://auctions.c.yimg.jp/images.auctions.yahoo.co.jp/image/dr000/auc0303/users/70f87d24e574aeddde8a1174b0bf16a6ceb2cc65/i-img640x480-16482021501cnrrt67651.jpg","12000",\N,\N,\N,"win","2022-03-27T09:07","2022-04-03T18:21","5250","50","1390","paid","adminsign",\N,\N,"adminpad","394064329503","512","1.4","2022-04-02","0",\N
"658","194","chirananda","https://page.auctions.yahoo.co.jp/jp/auction/q1044123580","https://auctions.c.yimg.jp/images.auctions.yahoo.co.jp/image/dr000/auc0303/users/ce501594c4ca95f59b5aa9bcd9bec11ec71167bb/i-img1200x1200-1648104197suqemw952162.jpg","11000",\N,\N,"ไม่รวมค่าส่ง","win","2022-03-27T11:54","2022-03-31T17:57","11000","50","444","paid","adminsign",\N,\N,"adminpad","624091351730","264","0.65","2022-04-02","0",\N
"661","193","maymaenarak","https://page.auctions.yahoo.co.jp/jp/auction/1020503982","https://auctions.c.yimg.jp/images.auctions.yahoo.co.jp/image/dr000/auc0211/users/880190243ff47c9b78c23284d95722fa1311110f/i-img900x1200-1637207598cr6aaf620279.jpg","3000",\N,\N,"ไม่รวมภาษี ไม่รวมค่าส่ง","win","2022-03-27T12:03","2022-04-03T18:06","2000","50","660","paid","adminsign",\N,\N,"adminpad","624091432366","433","0.35","2022-04-02","0",\N
"665","196","Pongsathorn","https://page.auctions.yahoo.co.jp/jp/auction/k1043807117","https://auctions.c.yimg.jp/images.auctions.yahoo.co.jp/image/dr000/auc0303/users/a2c72ff09d218c584578db97cef26d00c43b259b/i-img800x600-16479399160hwema333698.jpg","7000",\N,\N,"ไม่รวมภาษี","win","2022-03-27T12:50","2022-04-01T12:20","6935","50","1150","paid","adminsign",\N,\N,"adminpad","3046-0005-5966","356","2","2022-04-02","0",\N
"666","195","Rasising","https://page.auctions.yahoo.co.jp/jp/auction/q1043639731","https://auctions.c.yimg.jp/images.auctions.yahoo.co.jp/image/dr000/auc0303/users/4efeb41751333c3bb283e31b98bd5e30b5a82741/i-img600x400-1647854876bdlmyg441829.jpg","17000",\N,\N,\N,"win","2022-03-27T13:02","2022-04-01T12:23","15950","50","1390","paid","adminsign",\N,\N,"adminpad","438265313430","359","1.7","2022-04-02","1",\N
"669","215","Ratanapon","https://page.auctions.yahoo.co.jp/jp/auction/r1043983507","https://auctions.c.yimg.jp/images.auctions.yahoo.co.jp/image/dr000/auc0303/users/b53c44564a5497962de27ef3d1a55363791c8a7a/i-img640x480-1648028968cdopt4402419.jpg","800",\N,\N,\N,"win","2022-03-28T11:18","2022-04-07T10:52","1100","50","0","paid","adminying",\N,\N,"adminpad","1982-3293-2796","478","0.15","2022-04-02","0","2รายการ"
"670","199","Pariwatr","https://page.auctions.yahoo.co.jp/jp/auction/b1044032229","https://auctions.c.yimg.jp/images.auctions.yahoo.co.jp/image/dr000/auc0303/users/a42c99f21b6ab24842cab929d959926e4090ce27/i-img898x1198-1648074286rzeaa4603674.jpg","600",\N,\N,\N,"win","2022-03-28T11:18","2022-04-03T18:05","580","50","210","paid","adminying",\N,\N,"adminpad","522269515950","468","0.3","2022-04-02","0","รวมส่ง 2 รายการ"
"671","199","Pariwatr","https://page.auctions.yahoo.co.jp/jp/auction/d1044031692","https://auctions.c.yimg.jp/images.auctions.yahoo.co.jp/image/dr000/auc0303/users/a42c99f21b6ab24842cab929d959926e4090ce27/i-img898x1198-16480744521ib0ui426856.jpg","1600",\N,\N,\N,"win","2022-03-28T11:19","2022-04-03T18:05","1390","50","0","paid","adminying",\N,\N,"adminpad","522269515950","468","0.3","2022-04-02","0","รวมส่ง 2 รายการ"
"674","215","Ratanapon","https://page.auctions.yahoo.co.jp/jp/auction/t1043967954","https://auctions.c.yimg.jp/images.auctions.yahoo.co.jp/image/dr000/auc0303/users/b53c44564a5497962de27ef3d1a55363791c8a7a/i-img640x480-1648029176v8mdor457416.jpg","800",\N,\N,"ไม่รวมส่ง","win","2022-03-28T12:26","2022-04-07T10:52","550","50","650","paid","AdminNatsu",\N,\N,"adminpad","1982-3293-2796","478","0.15","2022-04-02","0","2รายการ"
"675","198","Wissaroot","https://page.auctions.yahoo.co.jp/jp/auction/v1044703642","https://auctions.c.yimg.jp/images.auctions.yahoo.co.jp/image/dr000/auc0303/users/93fb2e17ae7ce020c6f373b8a4f25f63c2b07fae/i-img1200x998-1648446582ylkjdj226743.jpg","11500",\N,\N,\N,"win","2022-03-28T12:32","2022-04-03T18:13","9800","50","1150","paid","AdminNatsu",\N,\N,"adminpad","397950834245","440","0.6","2022-04-02","0",\N
"676","202","weeraphat","https://page.auctions.yahoo.co.jp/jp/auction/p1044450945","https://auctions.c.yimg.jp/images.auctions.yahoo.co.jp/image/dr000/auc0303/users/139401376e7787726c25ee2562533ffcd00a4b8c/i-img525x700-1648272528ll8sxn116908.jpg","4190",\N,\N,"ราคาสูงสุดที่รับไหว 1600","win","2022-03-28T13:38","2022-04-15T17:24","4609","50","0","paid","adminying",\N,\N,"adminpad","564299790935","313","0.65","2022-04-02","0",\N
"678","204","Ritthiphan","https://page.auctions.yahoo.co.jp/auction/m1044274457","https://auctions.c.yimg.jp/images.auctions.yahoo.co.jp/image/dr000/auc0303/users/fe227c7e2653d832fce53b611085c3674f5b31e8/i-img1080x1080-1648180510x5nyc749785.jpg","2000",\N,\N,\N,"win","2022-03-28T18:15","2022-04-07T10:58","1500","50","0","paid","adminying",\N,\N,"adminpad","289329334033","443","1.4","2022-04-02","0","cod
https://page.auctions.yahoo.co.jp/jp/auction/m1044274457"
"685","200","maymaenarak","https://page.auctions.yahoo.co.jp/jp/auction/q1043965449","https://auctions.c.yimg.jp/images.auctions.yahoo.co.jp/image/dr000/auc0303/users/9f42b92ec258acd997f8d5a85beb6307a0f9ec78/i-img1063x1063-1648026752wkytdx749.jpg","1200",\N,\N,"ไม่รวมภาษี ไม่รวมส่ง","win","2022-03-29T09:05","2022-04-01T12:19","1100","50","680","paid","adminsign",\N,\N,"adminpad","4727-5655-3861","361","0.3","2022-04-02","0",\N
"701","205","Auttawut​","https://page.auctions.yahoo.co.jp/jp/auction/s1044916805","https://auctions.c.yimg.jp/images.auctions.yahoo.co.jp/image/dr000/auc0303/users/15e222cf67e5fe44fc354332b929b04793d75060/i-img1200x900-16485353704mnouh873.jpg","3000",\N,\N,\N,"win","2022-03-29T23:27","2022-04-07T16:14","1000","50","4136","paid","adminpunpun",\N,\N,"adminpad","4039-2890-4326","7,9","35.35","2022-04-09","0",\N
"702","211","ExxSombat","https://page.auctions.yahoo.co.jp/jp/auction/e1029331279","https://auctions.c.yimg.jp/images.auctions.yahoo.co.jp/image/dr000/auc0301/users/759fb0aed2b5e8b26862631a5f3d315731ab6879/i-img1194x872-1641042705vrpyu045.jpg","25000",\N,\N,\N,"win","2022-03-30T02:32","2022-04-08T15:21","24900","100","0","paid","adminpunpun",\N,\N,"adminpad","623184976750","159","1.05","2022-04-09","0",\N
"703","215","Ratanapon","https://page.auctions.yahoo.co.jp/jp/auction/w1043796471","https://auctions.c.yimg.jp/images.auctions.yahoo.co.jp/image/dr000/auc0303/users/b53c44564a5497962de27ef3d1a55363791c8a7a/i-img640x480-1647942213pyiygm838138.jpg","2000",\N,\N,\N,"win","2022-03-30T02:35","2022-04-08T16:32","1100","50","0","paid","ceosmith",\N,\N,"adminpad","1982-5508-3740","310","0.2","2022-04-09","0","2ชิ้น"
"704","215","Ratanapon","https://page.auctions.yahoo.co.jp/jp/auction/f1043800744","https://auctions.c.yimg.jp/images.auctions.yahoo.co.jp/image/dr000/auc0303/users/b53c44564a5497962de27ef3d1a55363791c8a7a/i-img640x480-1647942220bxrzj8582867.jpg","800",\N,\N,\N,"win","2022-03-30T02:39","2022-04-08T16:32","561","50","650","paid","ceosmith",\N,\N,"adminpad","1982-5508-3740","310","0.2","2022-04-09","0","2ชิ้น"
"706","206","Ritthiphan","https://page.auctions.yahoo.co.jp/jp/auction/w1044575036","https://auctions.c.yimg.jp/images.auctions.yahoo.co.jp/image/dr000/auc0303/users/94498715596f8931ef43122e1f1bd394fb1212f5/i-img900x1200-16483663461twnzb174443.jpg","1000",\N,\N,\N,"win","2022-03-30T05:16","2022-04-07T11:00","530","50","1390","paid","adminpunpun",\N,\N,"adminpad","554290833073","1","5.75","2022-04-09","0",\N
"707","208","Ritthiphan","https://page.auctions.yahoo.co.jp/jp/auction/w1043780102","https://auctions.c.yimg.jp/images.auctions.yahoo.co.jp/image/dr000/auc0303/users/943ccb264ada23838a6e693179875fccb617a760/i-img655x480-1647934307jxzjjw501216.jpg","1200",\N,\N,\N,"win","2022-03-30T05:17","2022-04-07T10:59","1100","50","1500","paid","adminpunpun",\N,\N,"adminpad","1958-5978-5391","207","5.85","2022-04-09","0",\N
"713","218","Achiraya","https://page.auctions.yahoo.co.jp/jp/auction/p1044643322","https://auctions.c.yimg.jp/images.auctions.yahoo.co.jp/image/dr000/auc0303/users/de0f81a297fc5ad9070c3ff21e3987de908c10a9/i-img1200x1200-1648402800wvv1gw202722.jpg","4500","6000",\N,\N,"win","2022-03-30T09:46","2022-04-08T16:31","4489","50","1330","paid","adminsign","AdminNatsu",\N,"adminpad","6187-0229-8760","308","0.3","2022-04-09","0","ส่งรวม"
"714","218","Achiraya","https://page.auctions.yahoo.co.jp/jp/auction/e1044630058","https://auctions.c.yimg.jp/images.auctions.yahoo.co.jp/image/dr000/auc0303/users/de0f81a297fc5ad9070c3ff21e3987de908c10a9/i-img1200x1200-1648402800pzq5uc206725.jpg","4000","7000",\N,\N,"win","2022-03-30T09:47","2022-04-08T16:30","6985","50","0","paid","adminsign","AdminNatsu",\N,"adminpad","6187-0229-8760","308","0.3","2022-04-09","0","ส่งรวม"
"719","213","pawanu","https://page.auctions.yahoo.co.jp/jp/auction/u1044581284","https://auctions.c.yimg.jp/images.auctions.yahoo.co.jp/image/dr000/auc0303/users/596310b50538de01642605d5ff06309551992716/i-img1200x798-1648366148k4pju5173555.jpg","40000",\N,\N,"ไม่รวมภาษี","win","2022-03-30T09:53","2022-04-08T16:27","37700","100","2100","paid","adminsign",\N,\N,"adminpad","618738454154","307","11.15","2022-04-09","0",\N
"724","207","Itthiponbas","https://page.auctions.yahoo.co.jp/jp/auction/c1044758026","https://auctions.c.yimg.jp/images.auctions.yahoo.co.jp/image/dr000/auc0303/users/6712875c08bbb1a363044c17f8445cc875bd19d7/i-img600x600-1648461135ktr13j9297.jpg","6500",\N,\N,"ไม่รวมภาษี","win","2022-03-30T10:57","2022-04-07T11:02","6600","50","0","paid","adminsign",\N,\N,"adminpad","403515080916","15","2.3","2022-04-09","0",\N
"727","207","Itthiponbas","https://page.auctions.yahoo.co.jp/jp/auction/t1044751449","https://auctions.c.yimg.jp/images.auctions.yahoo.co.jp/image/dr000/auc0303/users/6712875c08bbb1a363044c17f8445cc875bd19d7/i-img600x600-1648461478okaa8f240628.jpg","13750",\N,\N,"ไม่รวมภาษี","win","2022-03-30T11:07","2022-04-01T01:54","14972","50","750","paid","adminying",\N,\N,"adminpad",\N,\N,\N,\N,"0",\N
"728","218","Achiraya","https://page.auctions.yahoo.co.jp/jp/auction/o1042370347","https://auctions.c.yimg.jp/images.auctions.yahoo.co.jp/image/dr000/auc0303/users/1c4f7fd7b6c706a5cfa38c0ad39cbae3881fb234/i-img600x450-1647222001ams7gf94948.jpg","7000","7500","8500",\N,"win","2022-03-30T11:55","2022-04-09T05:28","9250","50","810","paid","adminsign","AdminSeririnz","AdminSeririnz","adminpad","554291686970","381","0.2","2022-04-09","0",\N
"729","209","Pongsathorn","https://page.auctions.yahoo.co.jp/jp/auction/r1031736719","https://auctions.c.yimg.jp/images.auctions.yahoo.co.jp/image/dr000/auc0301/users/bdd5ef28d7a493338b0f297f1c26dee2da737e33/i-img1200x1200-1642142367fsbele446918.jpg","5000",\N,\N,\N,"win","2022-03-30T12:45","2022-04-03T18:07","5000","50","1200","paid","adminsign",\N,\N,"adminpad","198096051672","495","2","2022-04-02","0",\N
